Workbook

Sheet 사용법·출처
A1: 보험용어사전
A3: 이 파일은
A4: 약관에 나오는 어려운 보험용어를 현장에서 바로 읽을 수 있게 풀어 쓴 사전입니다.
A5: 말마다 그 말이 실제 약관이나 특약 이름에서 어떻게 쓰이는지 한 줄씩 붙였습니다.
A7: 찾는 방법
A8: · 첫 줄의 ▼ 를 눌러 분류(암·뇌심장·치아 등)로 걸러 보세요.
A9: · 특정 낱말은 Ctrl+F 로 찾으세요. 「다르게 부르는 말」 칸도 같이 찾습니다.
A10: · 「용어」 칸까지 화면에 고정돼 있어 오른쪽으로 넘겨도 무슨 말인지 보입니다.
A12: 칸 설명
A13: 쉬운 뜻 ............... 고객에게 그대로 말해도 되는 표현으로 풀어 썼습니다.
A14: 알아두기 .............. 현장에서 자주 헷갈리는 점, 놓치기 쉬운 조건입니다.
A15: 다르게 부르는 말 ...... 같은 뜻인데 약관·현장에서 달리 부르는 말입니다.
... A32: 만든 날짜 : 2026-09-21 · 세일즈혁신TF 이헌수

Sheet 보험용어사전
A1: 번호 | B1: 분류 | C1: 용어 | D1: 쉬운 뜻 | E1: 알아두기 | F1: 다르게 부르는 말 | G1: 약관·특약에서 이렇게 쓰여요 | H1: 예시를 가져온 곳
A2: 1 | B2: 간병·치매 | C2: CDR | D2: 치매가 얼마나 진행됐는지 점수로 나타낸 것이에요. | E2: 0.5는 최경증, 1은 경증, 2는 중등도, 3 이상은 중증이에요. 보험금 기준으로 많이 써요. | F2: 임상치매척도 · 씨디알 | G2: …장애」라 함은 CDR척도… | H2: 약관 본문 · 통합간편 「갱신형 표적치매약물허가치료비 (최경증 치매,경증 알츠하이머치매)」
A3: 2 | B3: 간병·치매 | C3: 간병인 | D3: 입원한 환자 곁에서 식사, 이동, 위생을 돕는 사람이에요. | E3: 하루 12만~15만 원 정도 들어요. | F3: 간병사 · 돌봄인 | G3: 통합간편 「간병인사용 질병입원일당(1일이상 180일한도)(요양병원)」 | H3: 특약 이름 · 이 말이 들어간 특약 110건
A4: 3 | B4: 간병·치매 | C4: 간병인사용 | D4: 보험회사가 간병인을 직접 붙여주거나 그 비용을 대주는 방식이에요. | E4: 내가 간병인을 구해 쓰고 영수증을 내는 형태도 있어요. | F4: 간병인지원 · 간병인 지원 | G4: 통합간편 「간병인사용 질병입원일당(1일이상 180일한도)(요양병원)」 | H4: 특약 이름 · 이 말이 들어간 특약 51건
A5: 4 | B5: 간병·치매 | C5: 간병통합 | D5: 간호사와 간호조무사가 여러 환자의 간병까지 함께 맡는 병실이에요. 이 병실에는 외부 간병인이 들어올 수 없어요. | E5: 간병인을 못 쓰는 대신 이 병실을 쓸 때 주는 담보가 따로 있어요. | F5: 간호간병통합서비스 · 통합간병 · 보호자 없는 병동 | G5: 통합간편 「간호·간병통합서비스 사용 질병입원일당(1일이상 180일한도)」 | H5: 특약 이름 · 이 말이 들어간 특약 18건
A6: 5 | B6: 간병·치매 | C6: 경증치매 | D6: 혼자 생활은 하지만 도움이 필요한 초기 치매예요. | F6: CDR 1 | G6: 통합간편 「갱신형 표적치매약물허가치료비 (최경증 치매,경증 알츠하이머치매)」 | H6: 특약 이름
A7: 6 | B7: 간병·치매 | C7: 노인요양시설 | D7: 치료보다 생활 돌봄을 하는 시설이에요. | E7: 요양병원과 달리 의사가 상주하지 않아 보험 기준이 달라요. | F7: 요양원 | H7: 약관에는 안 나오는 일반 용어
A8: 7 | B8: 간병·치매 | C8: 아밀로이드베타 | D8: 치매 환자의 뇌에 쌓이는 나쁜 단백질 찌꺼기예요. | E8: 이걸 없애는 것이 표적치매치료의 원리예요. | F8: 아밀로이드 · 베타아밀로이드 | G8: 제3조(아밀로이드베타 적응증 상태의… | H8: 약관 본문 · 통합간편 「갱신형 표적치매약물허가치료비 (최경증 치매,경증 알츠하이머치매)」
A9: 8 | B9: 간병·치매 | C9: 알츠하이머치매 | D9: 뇌에 이상 단백질이 쌓여 서서히 기억을 잃는 대표적인 치매예요. | E9: F00, G30 코드에 해당해요. | F9: 알츠하이머 · 알츠하이머병 | G9: 통합간편 「갱신형 표적치매약물허가치료비 (최경증 치매,경증 알츠하이머치매)」 | H9: 특약 이름 · 이 말이 들어간 특약 8건
A10: 9 | B10: 간병·치매 | C10: 요양병원 | D10: 오래 치료와 요양이 필요한 환자가 머무는 병원이에요. | E10: 일반 병원과 구분해 담보 조건이 따로 붙는 경우가 많아요. | F10: 요양원과 다름 · 장기입원병원 | G10: 통합간편 「암요양병원입원일당(Ⅱ)(1일이상 90일한도)」 | H10: 특약 이름 · 이 말이 들어간 특약 69건
A11: 10 | B11: 간병·치매 | C11: 요양성특정질병 | D11: 치매, 파킨슨처럼 오랜 돌봄이 필요한 병들을 묶은 것이에요. | E11: 요양병원 장기입원 담보에서 다뤄요. | F11: 요양성질환 | G11: 통합간편 「갱신형 간병인지원 요양성특정질병입원일당(Ⅰ)(181일이상)(요양병원)」 | H11: 특약 이름 · 이 말이 들어간 특약 7건
A12: 11 | B12: 간병·치매 | C12: 인지지원등급 | D12: 치매가 있지만 신체 기능은 비교적 괜찮은 분에게 주는 등급이에요. | E12: 경증 치매 보장의 기준이 되기도 해요. | F12: 5등급 아래 등급 | H12: 약관에는 안 나오는 일반 용어
A13: 12 | B13: 간병·치매 | C13: 장기요양 | D13: 혼자 생활하기 어려운 어르신을 나라가 등급을 매겨 돌봐주는 제도예요. | E13: 예전에 LTC라고 부르던 것이 바로 이거예요. | F13: LTC · 노인장기요양 | G13: 케어프리 「장기요양급여금(1등급)」 | H13: 특약 이름 · 이 말이 들어간 특약 3건
A14: 13 | B14: 간병·치매 | C14: 장기요양등급 | D14: 돌봄이 얼마나 필요한지를 1~5등급과 인지지원등급으로 나눈 것이에요. | E14: 1등급이 가장 도움이 많이 필요한 상태예요. 보험금 기준으로 자주 써요. | F14: 요양등급 · LTC등급 | G14: 「1등급, 2등급, 3등급 또는 4등급」의 장기요양등급을… | H14: 약관 본문 · 케어프리 「장기요양급여금(1-4등급)」
A15: 14 | B15: 간병·치매 | C15: 중증치매 | D15: 혼자서는 일상생활이 거의 불가능한 상태예요. | E15: 예전 치매보험은 대부분 여기서만 보장했어요. | F15: CDR 3 이상 | G15: 케어프리 「중증치매간병비」 | H15: 특약 이름 · 이 말이 들어간 특약 3건
A16: 15 | B16: 간병·치매 | C16: 최경증치매 | D16: 치매가 막 시작된 아주 초기 단계예요. | E16: 예전에는 보장이 거의 없었지만 최근 담보가 나왔어요. | F16: CDR 0.5 · 아주 초기 치매 | G16: 통합간편 「갱신형 표적치매약물허가치료비 (최경증 치매,경증 알츠하이머치매)」 | H16: 특약 이름
A17: 16 | B17: 간병·치매 | C17: 파킨슨병 | D17: 몸이 떨리고 굳으며 움직임이 느려지는 뇌 질환이에요. | E17: G20 코드예요. 치매와 함께 요양성 질환으로 묶여요. | F17: 파킨슨 | G17: …운동신경세포병, 파킨슨병… | H17: 약관 본문 · 통합간편 「희귀난치성 7대질환진단비」
A18: 17 | B18: 간병·치매 | C18: 표적치매약물 | D18: 치매의 원인인 아밀로이드베타 단백질을 없애 초기 치매 진행을 늦추는 치료제예요. 레켐비가 대표적이에요. | E18: 2주 간격으로 오래 맞아야 해서 횟수별 담보가 필요해요. | F18: 표적치매치료 · 레켐비 · 아밀로이드 제거제 | G18: 통합간편 「갱신형 표적치매약물허가치료비 (최경증 치매,경증 알츠하이머치매)」 | H18: 특약 이름 · 이 말이 들어간 특약 8건
A19: 18 | B19: 간병·치매 | C19: 혈관성치매 | D19: 뇌졸중 등으로 뇌혈관이 망가져 생기는 치매예요. | E19: 갑자기 나빠지는 특징이 있어요. | F19: 혈관치매 | H19: 약관에는 안 나오는 일반 용어
A20: 19 | B20: 검사·진단 | C20: TNM | D20: 암 덩어리 크기(T), 림프절 전이(N), 다른 장기 전이(M)로 병기를 정하는 방법이에요. | E20: 의학적으로 가장 널리 쓰는 기준이에요. | F20: TNM 분류 | G20: …세우고 예후를 예측하는데 사용되며 기본적으로 TNM… | H20: 약관 본문 · 통합간편 「원격전이포함 4기 통합암진단비(유사암제외)」
A21: 20 | B21: 검사·진단 | C21: 건강검진 | D21: 몸 상태를 전반적으로 확인하는 검사예요. | E21: 여기서 초기 암이 발견되는 경우가 늘고 있어요. | F21: 종합검진 | G21: …질병으로 추가 진단(단순 건강검진 제외)… | H21: 약관 본문 · 통합간편 「갱신형 가족일상생활중배상책임(Ⅳ)」
A22: 21 | B22: 검사·진단 | C22: 골밀도 | D22: 뼈가 얼마나 단단한지 재는 검사예요. | E22: 골다공증을 찾아내요. | F22: 골밀도검사 · BMD | G22: …제3절 핵의학영상진단 및 골밀도검사… | H22: 약관 본문 · 통합간편 「암 통합치료비(기본형)」
A23: 22 | B23: 검사·진단 | C23: 국가암검진 | D23: 나라에서 정한 나이가 되면 무료 또는 저렴하게 받는 암 검사예요. | E23: 위·대장·간·유방·자궁경부·폐 6대 암이 대상이에요. | F23: 암검진 · 공단검진 | H23: 약관에는 안 나오는 일반 용어
A24: 23 | B24: 검사·진단 | C24: 내시경 | D24: 가느다란 카메라를 몸속에 넣어 직접 들여다보는 검사예요. | E24: 검사 중에 용종을 떼어내면 수술로 인정되기도 해요. | F24: 내시경검사 · 위내시경 · 대장내시경 | G24: 통합간편 「갱신형 암 내시경검사비 (급여, 연간1회한)」 | H24: 특약 이름 · 이 말이 들어간 특약 2건
A25: 24 | B25: 검사·진단 | C25: 면역조직화학검사 | D25: 조직에 특별한 시약을 묻혀 암의 성질을 자세히 알아내는 검사예요. | E25: 표적항암제를 쓸 수 있는지 판단할 때 써요. | F25: IHC · 면역염색 | H25: 약관에는 안 나오는 일반 용어
A26: 25 | B26: 검사·진단 | C26: 소견서 | D26: 진단서보다 간단하게 의사의 의견을 적은 문서예요. | E26: 진단서 대신 인정되지 않는 경우도 있어요. | F26: 의사 소견서 | G26: …진료비세부내역서, 진단서, 의사소견서… | H26: 약관 본문 · 통합간편 「암 통합치료비(기본형)」
A27: 26 | B27: 검사·진단 | C27: 수술기록지 | D27: 어떤 수술을 언제 받았는지 확인해 주는 서류예요. | E27: 수술비 청구에 필요해요. | F27: 수술확인서 | G27: …및 수술기록지 등 포함)… | H27: 약관 본문 · 통합간편 「상해 통합치료비(실속형)」
A28: 27 | B28: 검사·진단 | C28: 심장초음파 | D28: 심장의 움직임과 판막 상태를 초음파로 보는 검사예요. | F28: 심초음파 | G28: …병력과 함께 심전도, 심장초음파… | H28: 약관 본문 · 통합간편 「급성심근경색증입원일당(4일이상)」
A29: 28 | B29: 검사·진단 | C29: 심전도 | D29: 심장의 전기 신호를 그림으로 그려 부정맥을 찾는 검사예요. | F29: ECG · EKG | G29: …중앙공급식 의료가스시설, 심전도… | H29: 약관 본문 · 통합간편 「상해 통합치료비(실속형)」
A30: 29 | B30: 검사·진단 | C30: 유전자검사 | D30: 암세포의 유전자를 분석해 어떤 약이 잘 들을지 찾는 검사예요. | E30: 맞춤 항암치료의 출발점이에요. | F30: 돌연변이검사 · NGS | G30: 통합간편 「갱신형 암 특정단일유전자검사비 (급여,연간1회한)」 | H30: 특약 이름 · 이 말이 들어간 특약 2건
A31: 30 | B31: 검사·진단 | C31: 입원확인서 | D31: 언제 입원하고 퇴원했는지 증명하는 서류예요. | E31: 입원일당 청구에 필요해요. | F31: 입퇴원확인서 | G31: …입원확인서를 변조하여 입원 일수 30일에… | H31: 약관 본문 · 통합간편 「갱신형 가족일상생활중배상책임(Ⅳ)」
A32: 31 | B32: 검사·진단 | C32: 조영술 | D32: 혈관에 조영제를 넣고 촬영해 막힌 곳을 찾는 검사예요. | E32: 심장과 뇌혈관 진단의 기본이에요. | F32: 혈관조영술 · 앤지오 | G32: 관조영술, 관상동맥조영술, 대동맥조영술 등… | H32: 약관 본문 · 통합간편 「특정순환계질환진단비」
A33: 32 | B33: 검사·진단 | C33: 조직검사 | D33: 몸에서 아주 작은 조각을 떼어 현미경으로 확인하는 검사예요. | E33: 암 진단을 확정하는 가장 확실한 방법이에요. | F33: 바이옵시 | G33: …피보험자가 조직검사 등 병리학적 검사를… | H33: 약관 본문 · 통합간편 「5대고액치료비암진단비」
A34: 33 | B34: 검사·진단 | C34: 종양표지자 | D34: 피 속에 암이 있을 때 늘어나는 물질을 재는 검사예요. | E34: 이것만으로 암을 확정하지는 않아요. | F34: 암표지자 | H34: 약관에는 안 나오는 일반 용어
A35: 34 | B35: 검사·진단 | C35: 진단서 | D35: 의사가 병명과 상태를 적어 발급하는 공식 문서예요. | E35: 보험금 청구의 기본 서류예요. | F35: 의사 진단서 | G35: …기준으로 진단서 및 진료비 세부내역서… | H35: 약관 본문 · 통합간편 「수술비(1-7종, 연간3회한)[상해]」
A36: 35 | B36: 검사·진단 | C36: 진료기록부 | D36: 의사가 진료한 내용을 적어 병원에 보관하는 공식 기록이에요. | E36: 보험금 청구 때 진단 경위를 확인하는 근거 서류로 쓰여요. | G36: …인정하는 경우에는 검사결과, 진료기록부의… | H36: 약관 본문 · 통합간편 「신화상치료비」
A37: 36 | B37: 검사·진단 | C37: 초음파 | D37: 몸에 들리지 않는 소리를 쏘아 장기를 들여다보는 검사예요. | E37: 방사선이 없어 안전하고 임신부도 받을 수 있어요. | F37: 초음파검사 | G37: 통합간편 「갱신형 암 초음파검사비 (급여,연간1회한)」 | H37: 특약 이름 · 이 말이 들어간 특약 2건
A38: 37 | B38: 계약·제도 | C38: 가지급 | D38: 보험금 심사가 길어질 때 일부를 먼저 주는 제도예요. | E38: 나중에 최종 금액에서 정산해요. | F38: 가지급보험금 · 선지급 | G38: …변동에 따라 미지급된 보험금을 추가지급하거나… | H38: 약관 본문 · 통합간편 「민사소송법률비용」
A39: 38 | B39: 계약·제도 | C39: 감액(계약변경) | D39: 이미 가입한 보험의 가입금액을 줄이는 것이에요. 줄인 만큼 보험료도 줄어요. | E39: 보험료가 부담될 때 해지 대신 쓸 수 있는 방법이에요. | F39: 가입금액 감액 | H39: 약관에는 안 나오는 일반 용어
A40: 39 | B40: 계약·제도 | C40: 감액기간 | D40: 보장은 되지만 정해진 기간 동안은 보험금을 절반처럼 일부만 주는 기간이에요. | E40: 보통 1~2년이며, 이 기간이 지나면 100% 지급돼요. | F40: 삭감기간 | G40: 통합간편 「뇌졸중진단비(감액기간미적용)」 | H40: 특약 이름 · 이 말이 들어간 특약 15건
A41: 40 | B41: 계약·제도 | C41: 갱신형 | D41: 정해진 기간마다 계약을 새로 이어가는 형태예요. 그때그때 나이에 맞춰 보험료를 다시 계산해요. | E41: 처음엔 싸지만 나이가 들수록 보험료가 오를 수 있어요. | G41: 케어프리 「갱신형 질병사망」 | H41: 특약 이름 · 이 말이 들어간 특약 293건
A42: 41 | B42: 계약·제도 | C42: 계약 전 알릴 의무 | D42: 가입할 때 내 건강 상태를 사실대로 알려야 하는 의무예요. | E42: 숨기면 나중에 보험금을 못 받거나 계약이 해지될 수 있어요. | F42: 고지의무 | G42: …계약 전 알릴 의무 위반… | H42: 약관 본문 · 통합간편 「신8대가전제품 고장수리비용」
A43: 42 | B43: 계약·제도 | C43: 계약 후 알릴 의무 | D43: 가입한 뒤에 직업이나 위험한 취미가 바뀌면 알려야 하는 의무예요. | E43: 안 알리면 사고가 났을 때 보험금이 깎일 수 있어요. | F43: 통지의무 | G43: 제5조(계약 후 알릴 의무)… | H43: 약관 본문 · 운전자 「전손사고(침수포함) 후 차량구입 취득세지원(2년이내,자가용)」
A44: 43 | B44: 계약·제도 | C44: 계약자 | D44: 보험회사와 계약을 맺고 보험료를 내는 사람이에요. 계약을 바꾸거나 해지할 권리도 계약자에게 있어요. | E44: 보험료를 내는 사람이라서 계약의 주인이라고 생각하면 쉬워요. | F44: 보험계약자 · 가입자 | G44: …정한 이 특별약관의 사망 당시 계약자적립액… | H44: 약관 본문 · 통합간편 「일반상해80%이상후유장해」
A45: 44 | B45: 계약·제도 | C45: 계약취소 | D45: 약관을 못 받았거나 설명을 제대로 못 들었을 때 계약을 취소하고 낸 돈을 돌려받는 제도예요. | E45: 보통 계약일로부터 3개월 이내에 신청할 수 있어요. | F45: 품질보증해지 · 품보해지 | H45: 약관에는 안 나오는 일반 용어
A46: 45 | B46: 계약·제도 | C46: 계약해당일 | D46: 매달 또는 매년 계약일과 같은 날짜예요. | E46: 보험료 내는 날, 갱신되는 날의 기준이 돼요. | F46: 계약일자 · 응당일 | G46: …도래하는 계약해당일 전일까지의 기간을… | H46: 약관 본문 · 통합간편 「수술비(1-7종, 연간3회한)[상해]」
A47: 46 | B47: 계약·제도 | C47: 납입기간 | D47: 보험료를 내는 기간이에요. 20년납이면 20년 동안 내요. | E47: 납입기간이 끝나도 보험기간이 남아 있으면 보장은 계속돼요. | F47: 보험료 납입기간 | G47: …회사는 피보험자가 보험료 납입기간 중… | H47: 약관 본문 · 통합간편 「통합암 주요치료비(연간1회한, 10년간)」
A48: 47 | B48: 계약·제도 | C48: 납입면제 | D48: 정해진 큰 병에 걸리면 남은 보험료를 안 내도 보장은 그대로 이어지는 혜택이에요. | E48: 어떤 병에서 면제되는지는 상품마다 달라서 꼭 확인해야 해요. | F48: 보험료 납입면제 | G48: 운전자 「운전자용 보험료납입면제진단비 (교통상해50% 및 자동차사고부상(1-7급))」 | H48: 특약 이름 · 이 말이 들어간 특약 2건
A49: 48 | B49: 계약·제도 | C49: 납입최고 | D49: 보험료가 밀렸을 때 회사가 '언제까지 내지 않으면 보험이 멈춥니다'라고 알려주는 것이에요. | E49: 이 통지를 받으면 반드시 기한 안에 처리해야 해요. | F49: 납입 독촉 | G49: …납입최고(독촉)와 계약의 해지)에 따라… | H49: 약관 본문 · 통합간편 「통합암 주요치료비(연간1회한, 10년간)」
A50: 49 | B50: 계약·제도 | C50: 단기납 | D50: 10년 이하로 짧게 보험료를 내고 사망할 때까지 보장받는 상품이에요. | E50: 짧은 납입기간과 높은 해지환급금이 특징이에요. | F50: 단기납 종신 | H50: 약관에는 안 나오는 일반 용어
A51: 50 | B51: 계약·제도 | C51: 만기환급금 | D51: 보험기간이 끝까지 다 지나면 돌려받는 돈이에요. | E51: 순수보장형은 만기환급금이 없는 대신 보험료가 저렴해요. | F51: 만기금 | G51: …만기환급금청구권, 보험료반환청구권… | H51: 약관 본문 · 통합간편 「갱신형 가족일상생활중배상책임(Ⅳ)」
A52: 51 | B52: 계약·제도 | C52: 면책기간 | D52: 가입한 뒤 일정 기간은 보험금을 주지 않는 기간이에요. 아파진 뒤 급히 가입하는 걸 막기 위한 장치예요. | E52: 암은 보통 가입 후 90일이 지나야 보장이 시작돼요. | F52: 부보장기간 | G52: 통합간편 「유사암수술비(감액및면책기간미적용)」 | H52: 특약 이름 · 이 말이 들어간 특약 30건
A53: 52 | B53: 계약·제도 | C53: 무해지환급금형 | D53: 저해지보다 한 단계 더 나아가, 납입 중에 해지하면 돌려받을 돈이 아예 없는 형태예요. | E53: 보험료는 가장 저렴하지만 중도 해지 위험을 반드시 감안해야 해요. | F53: 무해지 · 무해지환급형 | H53: 약관에는 안 나오는 일반 용어
A54: 53 | B54: 계약·제도 | C54: 미경과보험료 | D54: 이미 냈지만 아직 보장 기간이 지나지 않은 몫의 보험료예요. | E54: 계약이 중간에 끝나면 이 부분을 돌려받습니다. | G54: 미경과보험료를 계약자에게 지급합니다. | H54: 약관 본문 · 통합간편 「일반상해80%이상후유장해」
A55: 54 | B55: 계약·제도 | C55: 미적용형 | D55: 어떤 기능을 빼고 만든 종류라는 뜻이에요. 보통 보험료 납입면제를 뺀 형태를 말합니다. | E55: 납입면제 미적용형은 보험료가 조금 싸지만, 큰 병에 걸려도 보험료를 계속 내야 해요. | G55: …1종(보험료 납입면제 미적용형)으… | H55: 약관 본문 · 통합간편 「일반상해80%이상후유장해」
A56: 55 | B56: 계약·제도 | C56: 보장개시일 | D56: 보험회사가 책임을 지기 시작하는 날이에요. | E56: 대부분은 첫 보험료를 낸 날이지만, 암처럼 따로 정해둔 담보도 있어요. | F56: 책임개시일 | G56: …보험계약일(보장개시일) : 2023년 1월… | H56: 약관 본문 · 통합간편 「간병인사용 일반상해입원일당(plus)(1일이상 180일한도)(요양병원제외)」
A57: 56 | B57: 계약·제도 | C57: 보통약관 | D57: 모든 특약에 공통으로 적용되는 기본 약관이에요. | E57: 특약약관이 '메뉴판'이라면 보통약관은 '가게 이용규칙'입니다. | G57: 이 특별약관에서 정하지 않은 사항은 보통약관을… | H57: 약관 본문 · 통합간편 「일반상해80%이상후유장해」
A58: 57 | B58: 계약·제도 | C58: 보험가입금액 | D58: 보험금을 계산하는 기준이 되는 금액이에요. | E58: '암진단비 3천만원'의 3천만원이 바로 가입금액이에요. | F58: 가입금액 · 가입액 | G58: …이 특별약관의 보험가입금액 전액을… | H58: 약관 본문 · 통합간편 「일반상해80%이상후유장해」
A59: 58 | B59: 계약·제도 | C59: 보험계약대출 | D59: 내 보험의 해지환급금을 담보로 돈을 빌리는 것이에요. | E59: 신용조회 없이 빌릴 수 있지만 이자가 붙어요. | F59: 약관대출 | G59: …회사는 보험계약대출이율을 연단위… | H59: 약관 본문 · 통합간편 「5대고액치료비암진단비」
A60: 59 | B60: 계약·제도 | C60: 보험기간 | D60: 보험이 나를 지켜주는 기간이에요. 이 기간 안에 생긴 일만 보장해요. | E60: 보험기간이 끝나면 아무리 아파도 보험금이 나오지 않아요. | F60: 보장기간 | G60: …보험기간 중 급격하고도 우연한 외래의… | H60: 약관 본문 · 통합간편 「신화상치료비」
A61: 60 | B61: 계약·제도 | C61: 보험나이 | D61: 보험에서 쓰는 나이예요. 만 나이를 기준으로 6개월이 지나면 한 살을 더해요. | E61: 생일이 아니라 '상령일'에 나이가 올라가요. | F61: 상령일 나이 · 계약나이 | G61: …암보장개시일은 보험나이 15세 이상인 경우만… | H61: 약관 본문 · 통합간편 「갱신형 표적항암약물허가치료비Ⅱ」
A62: 61 | B62: 계약·제도 | C62: 보험료 | D62: 보장을 받기 위해 계약자가 회사에 내는 돈이에요. | E62: 보험금은 받는 돈, 보험료는 내는 돈입니다. 헷갈리기 쉬워요. | G62: 케어프리 「보험료납입지원(유사암진단)」 | H62: 특약 이름 · 이 말이 들어간 특약 5건
A63: 62 | B63: 계약·제도 | C63: 보험수익자 | D63: 보험금을 실제로 받는 사람이에요. | E63: 사망보험금은 보통 상속인이, 나머지 보험금은 피보험자 본인이 받도록 정해두는 경우가 많아요. | F63: 수익자 · 보험금 받는 사람 | G63: …되었을 때에는 보험수익자에게 최초 1회에… | H63: 약관 본문 · 통합간편 「일반상해80%이상후유장해」
A64: 63 | B64: 계약·제도 | C64: 보험증권 | D64: 계약 내용을 정리해 놓은 문서예요. | E64: 어떤 담보에 얼마나 가입했는지 여기서 확인해요. | G64: 회사는 보험증권에 기재된 피보험자가 이… | H64: 약관 본문 · 통합간편 「일반상해80%이상후유장해」
A65: 64 | B65: 계약·제도 | C65: 부보장 | D65: 특정 부위나 질병만 보장에서 빼고 가입하는 조건이에요. | E65: 예를 들어 위 질환 5년 부담보처럼 기간과 부위를 정해요. | F65: 부담보 · 일부보장 제외 | G65: 이 특별약관은 아래의 총 3개의 세부보장으로… | H65: 약관 본문 · 통합간편 「신화상치료비」
A66: 65 | B66: 계약·제도 | C66: 분류표 | D66: 약관 뒤쪽 별표에 붙은, 보장하는 질병과 그 코드를 모아 놓은 표예요. | E66: 내 병이 보장되는지는 이 표에 코드가 있는지로 판단해요. | G66: …보험기간 중에 상해로【별표11(장해분류표)】에… | H66: 약관 본문 · 통합간편 「일반상해80%이상후유장해」
A67: 66 | B67: 계약·제도 | C67: 비갱신형 | D67: 가입할 때 정한 보험료가 끝까지 오르지 않는 형태예요. | E67: 처음엔 비싸 보여도 나중에 오르지 않아 총액은 더 적을 수 있어요. | F67: 비갱신 | H67: 약관에는 안 나오는 일반 용어
A68: 67 | B68: 계약·제도 | C68: 산출방법서 | D68: 보험료와 책임준비금을 어떻게 계산하는지 적어 둔 서류예요. | E68: 약관에 안 적힌 계산 기준은 이 서류를 따릅니다. 금감원에 신고된 문서예요. | G68: …때까지「보험료 및 해약환급금 산출방법서」에… | H68: 약관 본문 · 통합간편 「일반상해80%이상후유장해」
A69: 68 | B69: 계약·제도 | C69: 상령일 | D69: 보험나이가 한 살 올라가는 날이에요. | E69: 이 날 하루 차이로 보험료가 평생 달라질 수 있어요. | F69: 보험나이 증가일 | H69: 약관에는 안 나오는 일반 용어
A70: 69 | B70: 계약·제도 | C70: 세만기 | D70: 보장이 몇 살까지인지 나이로 정한 형태예요. 100세 만기면 100살까지 지켜줘요. | E70: 긴 기간을 한 번에 정해두어 갱신 걱정이 없는 대신 보험료가 조금 비싸요. | F70: 세만기형 · 나이만기 | G70: 수술비Ⅱ(1-5종)보장(A)(B)(세만기형)… | H70: 약관 본문 · 통합간편 「갱신형 가족일상생활중배상책임(Ⅳ)」
A71: 70 | B71: 계약·제도 | C71: 소멸시효 | D71: 보험금을 청구할 수 있는 기한이에요. | E71: 보험금 청구권은 3년이 지나면 사라져요. | F71: 청구권 시효 | H71: 약관에는 안 나오는 일반 용어
A72: 71 | B72: 계약·제도 | C72: 순수보장형 | D72: 돌려받는 돈 없이 보장에만 집중한 형태예요. | E72: 같은 보장이면 보험료가 가장 저렴해요. | F72: 소멸성 · 순수형 | H72: 약관에는 안 나오는 일반 용어
A73: 72 | B73: 계약·제도 | C73: 알릴 의무 위반 | D73: 건강 상태를 사실과 다르게 알린 경우예요. | E73: 회사가 계약을 해지하거나 보험금을 주지 않을 수 있어요. | F73: 고지의무위반 · 고지위반 | G73: …계약 전 알릴 의무 위반… | H73: 약관 본문 · 통합간편 「신8대가전제품 고장수리비용」
A74: 73 | B74: 계약·제도 | C74: 암보장개시일 | D74: 암 보장이 시작되는 날이에요. 보통 가입일로부터 90일이 지난 다음 날이에요. | E74: 어린이(15세 미만)는 90일 기다림 없이 바로 시작되는 경우가 있어요. | F74: 암 책임개시일 | G74: …피보험자가 5대고액치료비암보장개시일 이… | H74: 약관 본문 · 통합간편 「5대고액치료비암진단비」
A75: 74 | B75: 계약·제도 | C75: 연만기형 | D75: 보장 기간을 햇수로 정한 형태예요. 20년 만기면 20년 동안 지켜줘요. | E75: 기간이 끝나면 다시 가입해야 하는데, 그때 나이와 건강 상태가 걸림돌이 될 수 있어요. | F75: 연만기 · 기간만기 | H75: 약관에는 안 나오는 일반 용어
A76: 75 | B76: 계약·제도 | C76: 예금자보호제도 | D76: 보험회사가 문을 닫아도 나라에서 일정 금액까지 지켜주는 제도예요. | E76: 1인당 5천만원까지 보호돼요. | F76: 예금자보호 | G76: …예금자보호법에서 정하는 바에 따라 그… | H76: 약관 본문 · 통합간편 「갱신형 가족일상생활중배상책임(Ⅳ)」
A77: 76 | B77: 계약·제도 | C77: 위법계약해지 | D77: 회사가 법을 어기고 판매한 계약이면 고객이 해지를 요구할 수 있는 권리예요. | E77: 안 날부터 1년, 계약일부터 5년 안에 행사할 수 있어요. | F77: 위법계약 해지권 | H77: 약관에는 안 나오는 일반 용어
A78: 77 | B78: 계약·제도 | C78: 의료관련법 | D78: 의료법·국민건강보험법처럼 의료와 관련된 법을 묶어 부르는 말이에요. | E78: 약관이 수술·치료의 인정 기준을 이 법에 맡길 때 씁니다. | G78: …의원 또는 국외의 의료관련법에서 정한… | H78: 약관 본문 · 통합간편 「신화상치료비」
A79: 78 | B79: 계약·제도 | C79: 일반조항 | D79: 계약의 성립·변경·해지처럼 모든 계약에 공통으로 적용되는 조항 묶음이에요. | E79: 보통약관 앞부분에 있습니다. 보장 내용이 아니라 계약 운영 규칙이에요. | G79: 이 특별약관에 정하지 않은 사항은 제1절 일반조항을… | H79: 약관 본문 · 통합간편 「갱신형 간병인지원 요양성특정질병입원일당(Ⅰ)(181일이상)(요양병원)」
A80: 79 | B80: 계약·제도 | C80: 자동갱신 | D80: 고객이 따로 신청하지 않아도 보험이 알아서 이어지는 장치예요. | E80: 갱신 시점에 회사가 미리 알려줘요. 원하지 않으면 갱신하지 않겠다고 말할 수 있어요. | F80: 자동재가입 | G80: …자동갱신)에 따라 보장이 자동갱신되는 경우… | H80: 약관 본문 · 통합간편 「갱신형 표적항암약물허가치료비Ⅱ」
A81: 80 | B81: 계약·제도 | C81: 자동대출납입 | D81: 보험료가 밀릴 때 해지환급금 범위에서 회사가 대신 내주고 나중에 갚는 제도예요. | E81: 이자가 붙고 환급금이 줄어드니 임시 방편으로만 쓰는 게 좋아요. | F81: 보험료 자동대출 | G81: 제29조(보험료의 자동대출납입)… | H81: 약관 본문 · 통합간편 「갱신형 가족일상생활중배상책임(Ⅳ)」
A82: 81 | B82: 계약·제도 | C82: 저해지환급금형 | D82: 보험료가 싼 대신, 보험료를 다 내기 전에 해지하면 돌려받는 돈이 훨씬 적은 상품이에요. | E82: 끝까지 유지할 자신이 있을 때 유리해요. 중간에 깨면 손해가 커요. | F82: 저해지 · 저해지환급형 | H82: 약관에는 안 나오는 일반 용어
A83: 82 | B83: 계약·제도 | C83: 적립부분 | D83: 낸 보험료 중 보장에 쓰이지 않고 쌓이는 몫이에요. | E83: 만기환급금이나 해지환급금의 재원이 됩니다. 순수보장형에는 거의 없어요. | G83: …해약환급금, 적립부분 해약환급금 전액 인출… | H83: 약관 본문 · 통합간편 「갱신형 가족일상생활중배상책임(Ⅳ)」
A84: 83 | B84: 계약·제도 | C84: 정기보험 | D84: 정해진 기간에만 사망을 보장하는 보험이에요. | E84: 종신보험보다 훨씬 저렴해요. | H84: 약관에는 안 나오는 일반 용어
A85: 84 | B85: 계약·제도 | C85: 주계약 | D85: 보험의 뼈대가 되는 기본 계약이에요. 이게 있어야 특약을 붙일 수 있어요. | E85: 주계약이 사라지면 붙어 있던 특약도 함께 사라져요. | F85: 주보험 · 기본계약 | G85: …계약(이하「주계약」이라 합니다)에 부가하여… | H85: 약관 본문 · 통합간편 「갱신형 가족일상생활중배상책임(Ⅳ)」
A86: 85 | B86: 계약·제도 | C86: 준용규정 | D86: 이 특별약관에 따로 정하지 않은 내용은 보통약관을 그대로 따른다는 조항이에요. | E86: 거의 모든 특약의 마지막 조항입니다. 특약에 안 적혀 있으면 보통약관을 보면 됩니다. | H86: 약관에는 안 나오는 일반 용어
A87: 86 | B87: 계약·제도 | C87: 중도인출 | D87: 계약을 유지한 채로 쌓인 돈의 일부를 미리 찾아 쓰는 것이에요. | E87: 찾아 쓴 만큼 해지환급금과 만기환급금이 줄어듭니다. | G87: …제10조(만기환급금의 지급) 및 제38조(중도인출)은… | H87: 약관 본문 · 케어프리 「일반상해사망」
A88: 87 | B88: 계약·제도 | C88: 지정대리청구인 | D88: 본인이 보험금을 청구하기 어려운 상태일 때 대신 청구해 줄 사람을 미리 정해두는 제도예요. | E88: 치매나 의식불명처럼 본인이 움직이기 어려운 상황을 대비해요. | F88: 대리청구인 · 지대청 | H88: 약관에는 안 나오는 일반 용어
A89: 88 | B89: 계약·제도 | C89: 청약철회 | D89: 가입하고 마음이 바뀌면 일정 기간 안에 아무 손해 없이 무를 수 있는 권리예요. | E89: 보통 청약일로부터 15일(증권 받은 날 기준) 이내예요. | F89: 쿨링오프 | H89: 약관에는 안 나오는 일반 용어
A90: 89 | B90: 계약·제도 | C90: 특별계정 | D90: 변액보험에서 투자하는 자금을 따로 관리하는 계정이에요. | F90: 변액 특별계정 | H90: 약관에는 안 나오는 일반 용어
A91: 90 | B91: 계약·제도 | C91: 표준인수 | D91: 건강에 특별한 문제가 없어 조건 없이 가입되는 상태예요. | E91: 가장 저렴한 보험료로 가입할 수 있어요. | F91: 표준체 · 정상체 | H91: 약관에는 안 나오는 일반 용어
A92: 91 | B92: 계약·제도 | C92: 피보험자 | D92: 보험의 보호를 받는 사람이에요. 이 사람이 아프거나 다쳐야 보험금이 나와요. | E92: 계약자와 피보험자가 다를 수 있어요. 부모가 계약자, 자녀가 피보험자인 경우가 흔해요. | F92: 보험대상자 · 대상자 | G92: 회사는 보험증권에 기재된 피보험자가 이… | H92: 약관 본문 · 통합간편 「일반상해80%이상후유장해」
A93: 92 | B93: 계약·제도 | C93: 해약환급금 | D93: 보험을 중간에 그만둘 때 돌려받는 돈이에요. | E93: 초기에는 사업비 등이 빠져 낸 돈보다 훨씬 적어요. | F93: 해지환급금 · 환급금 | G93: 회사는 이 특별약관의 해약환급금을 지급하지… | H93: 약관 본문 · 통합간편 「일반상해80%이상후유장해」
A94: 93 | B94: 급여·의료비 | C94: MRI | D94: 자석과 전파로 몸속을 아주 자세히 찍는 검사예요. | E94: 부드러운 조직(뇌, 근육 등)을 보는 데 좋아요. | F94: 자기공명영상 · 엠알아이 | G94: 운전자 「상해MRI/CT검사비 (급여,연간1회한)」 | H94: 특약 이름 · 이 말이 들어간 특약 4건
A95: 94 | B95: 급여·의료비 | C95: 간병비 부담 | D95: 가족 대신 간병인을 쓸 때 드는 돈이에요. | E95: 하루 12만~15만 원 수준으로 장기 입원 시 부담이 매우 커요. | F95: 간병 비용 | H95: 약관에는 안 나오는 일반 용어
A96: 95 | B96: 급여·의료비 | C96: 본인부담 | D96: 치료비 중에서 환자가 직접 내는 몫이에요. | E96: 급여 항목에서도 일정 비율은 환자가 내요. | F96: 본인부담금 · 자기부담금 | G96: 통합간편 「암 통합치료비Ⅱ(비급여(전액본인부담 포함))」 | H96: 특약 이름 · 이 말이 들어간 특약 14건
A97: 96 | B97: 급여·의료비 | C97: 본인부담상한제 | D97: 1년 동안 낸 건강보험 본인부담금이 너무 많으면 넘는 금액을 돌려주는 제도예요. | E97: 소득에 따라 상한선이 달라요. | F97: 상한제 | H97: 약관에는 안 나오는 일반 용어
A98: 97 | B98: 급여·의료비 | C98: 비급여 | D98: 건강보험이 적용되지 않아 환자가 전부 내야 하는 치료예요. | E98: 병원마다 가격이 달라요. 최신 치료 상당수가 여기에 속해요. | F98: 비급여항목 · 비보험 | G98: 통합간편 「갱신형 표적항암약물허가치료비Ⅲ(비급여)」 | H98: 특약 이름 · 이 말이 들어간 특약 20건
A99: 98 | B99: 급여·의료비 | C99: 산정특례 | D99: 암, 희귀질환처럼 돈이 많이 드는 병은 본인부담을 크게 낮춰주는 제도예요. | E99: 암은 보통 본인부담이 5%로 줄어요. 등록해야 적용돼요. | F99: 본인일부부담금 산정특례 | G99: 케어프리 「갱신형 희귀질환자 산정특례대상 진단비」 | H99: 특약 이름 · 이 말이 들어간 특약 26건
A100: 99 | B100: 급여·의료비 | C100: 상급병실료 | D100: 2인실, 1인실처럼 좋은 병실을 쓸 때 더 내는 돈이에요. | E100: 1인실은 하루 수십만 원이 들기도 해요. | F100: 병실료 차액 · 병실차액 | H100: 약관에는 안 나오는 일반 용어
...

Sheet 분류별 개수
A1: 분류 | B1: 용어 수 | C1: 약관 예시가 있는 것 | D1: 예시 비율
A2: 간병·치매 | B2: =COUNTIF(보험용어사전!$B$2:$B$389,$A2) | C2: =COUNTIFS(보험용어사전!$B$2:$B$389,$A2,보험용어사전!$H$2:$H$389,"<>약관에는 안 나오는 일반 용어") | D2: =IFERROR($C2/$B2,0)
A3: 검사·진단 | B3: =COUNTIF(보험용어사전!$B$2:$B$389,$A3) | C3: =COUNTIFS(보험용어사전!$B$2:$B$389,$A3,보험용어사전!$H$2:$H$389,"<>약관에는 안 나오는 일반 용어") | D3: =IFERROR($C3/$B3,0)
A4: 계약·제도 | B4: =COUNTIF(보험용어사전!$B$2:$B$389,$A4) | C4: =COUNTIFS(보험용어사전!$B$2:$B$389,$A4,보험용어사전!$H$2:$H$389,"<>약관에는 안 나오는 일반 용어") | D4: =IFERROR($C4/$B4,0)
A5: 급여·의료비 | B5: =COUNTIF(보험용어사전!$B$2:$B$389,$A5) | C5: =COUNTIFS(보험용어사전!$B$2:$B$389,$A5,보험용어사전!$H$2:$H$389,"<>약관에는 안 나오는 일반 용어") | D5: =IFERROR($C5/$B5,0)
A6: 기타질환 | B6: =COUNTIF(보험용어사전!$B$2:$B$389,$A6) | C6: =COUNTIFS(보험용어사전!$B$2:$B$389,$A6,보험용어사전!$H$2:$H$389,"<>약관에는 안 나오는 일반 용어") | D6: =IFERROR($C6/$B6,0)
A7: 뇌·심장 | B7: =COUNTIF(보험용어사전!$B$2:$B$389,$A7) | C7: =COUNTIFS(보험용어사전!$B$2:$B$389,$A7,보험용어사전!$H$2:$H$389,"<>약관에는 안 나오는 일반 용어") | D7: =IFERROR($C7/$B7,0)
A8: 보험금·지급 | B8: =COUNTIF(보험용어사전!$B$2:$B$389,$A8) | C8: =COUNTIFS(보험용어사전!$B$2:$B$389,$A8,보험용어사전!$H$2:$H$389,"<>약관에는 안 나오는 일반 용어") | D8: =IFERROR($C8/$B8,0)
A9: 상해·장해 | B9: =COUNTIF(보험용어사전!$B$2:$B$389,$A9) | C9: =COUNTIFS(보험용어사전!$B$2:$B$389,$A9,보험용어사전!$H$2:$H$389,"<>약관에는 안 나오는 일반 용어") | D9: =IFERROR($C9/$B9,0)
A10: 수술·치료 | B10: =COUNTIF(보험용어사전!$B$2:$B$389,$A10) | C10: =COUNTIFS(보험용어사전!$B$2:$B$389,$A10,보험용어사전!$H$2:$H$389,"<>약관에는 안 나오는 일반 용어") | D10: =IFERROR($C10/$B10,0)
A11: 암 | B11: =COUNTIF(보험용어사전!$B$2:$B$389,$A11) | C11: =COUNTIFS(보험용어사전!$B$2:$B$389,$A11,보험용어사전!$H$2:$H$389,"<>약관에는 안 나오는 일반 용어") | D11: =IFERROR($C11/$B11,0)
A12: 운전자·교통 | B12: =COUNTIF(보험용어사전!$B$2:$B$389,$A12) | C12: =COUNTIFS(보험용어사전!$B$2:$B$389,$A12,보험용어사전!$H$2:$H$389,"<>약관에는 안 나오는 일반 용어") | D12: =IFERROR($C12/$B12,0)
A13: 유병자·심사 | B13: =COUNTIF(보험용어사전!$B$2:$B$389,$A13) | C13: =COUNTIFS(보험용어사전!$B$2:$B$389,$A13,보험용어사전!$H$2:$H$389,"<>약관에는 안 나오는 일반 용어") | D13: =IFERROR($C13/$B13,0)
... A16: 태아·어린이 | B16: =COUNTIF(보험용어사전!$B$2:$B$389,$A16) | C16: =COUNTIFS(보험용어사전!$B$2:$B$389,$A16,보험용어사전!$H$2:$H$389,"<>약관에는 안 나오는 일반 용어") | D16: =IFERROR($C16/$B16,0)
A17: 합계 | B17: =SUM(B2:B16) | C17: =SUM(C2:C16) | D17: =IFERROR($C17/$B17,0)
